P1,ACGAACCCAGTTGACATAAGcctgttcggttcgtaaactgtaatgcaagtagcgtatgcgctcacgcaactggtccagaaccttgaccgaacgcagcggtggtaacggcgcagtggcggttttcatggcttgttatgactgtttttttgtacagtctatgcctcgggcatccaagcagcaagcgcgttacgccgtgggtcgatgtttgatgttatggagcagcaacgatgttacgcagcagggcagtcgccctaaaacaaagttaggcagccgttgtgctggtgctttctgatagttgttgtggggtaggcagtcagagctcgatttgcttgtcgccataATAGATTCACAAGAAGGATTCGA
P1',TCGAATCCTTCTTGTGAATCTATtatggcgacaagcaaatcgagctctgactgcctaccccacaacaactatcagaaagcaccagcacaacggctgcctaactttgttttagggcgactgccctgctgcgtaacatcgttgctgctccataacatcaaacatcgacccacggcgtaacgcgcttgctgcttggatgcccgaggcatagactgtacaaaaaaacagtcataacaagccatgaaaaccgccactgcgccgttaccaccgctgcgttcggtcaaggttctggaccagttgcgtgagcgcatacgctacttgcattacagtttacgaaccgaacaggcttatgtcaactgggttcgt
Ptrc,CGACTGCACGGTGCACcaatgcttctggcgtcaggcagccatcggaagctgtggtatggctgtgcaggtcgtaaatcactgcataattcgtgtcgctcaaggcgcactcccgttctggataatgttttttgcgccgacatcataacggttctggcaaatattctgaaatgagctgttgacaattaatcatccggctcgtataatgtgtggaattgtgagcggaTAACAATTTCACACAGGAAACAG
Ptrc',CTGTTTCCTGTGTGAAATTGTTAtccgctcacaattccacacattatacgagccggatgattaattgtcaacagctcatttcagaatatttgccagaaccgttatgatgtcggcgcaaaaaacattatccagaacgggagtgcgccttgagcgacacgaattatgcagtgatttacgacctgcacagccataccacagcttccgatggctgcctgacgccagaagcattgGTGCACCGTGCAGTCG
P1'_Ptrc,TCGAATCCTTCTTGTGAATCTATtatggcgacaagcaaatcgagctctgactgcctaccccacaacaactatcagaaagcaccagcacaacggctgcctaactttgttttagggcgactgccctgctgcgtaacatcgttgctgctccataacatcaaacatcgacccacggcgtaacgcgcttgctgcttggatgcccgaggcatagactgtacaaaaaaacagtcataacaagccatgaaaaccgccactgcgccgttaccaccgctgcgttcggtcaaggttctggaccagttgcgtgagcgcatacgctacttgcattacagtttacgaaccgaacaggcttatgtcaactgggttcgtcgactgcacggtgcaccaatgcttctggcgtcaggcagccatcggaagctgtggtatggctgtgcaggtcgtaaatcactgcataattcgtgtcgctcaaggcgcactcccgttctggataatgttttttgcgccgacatcataacggttctggcaaatattctgaaatgagctgttgacaattaatcatccggctcgtataatgtgtggaattgtgagcggaTAACAATTTCACACAGGAAACAG
Ptrc'_P1,CTGTTTCCTGTGTGAAATTGTTAtccgctcacaattccacacattatacgagccggatgattaattgtcaacagctcatttcagaatatttgccagaaccgttatgatgtcggcgcaaaaaacattatccagaacgggagtgcgccttgagcgacacgaattatgcagtgatttacgacctgcacagccataccacagcttccgatggctgcctgacgccagaagcattggtgcaccgtgcagtcgacgaacccagttgacataagcctgttcggttcgtaaactgtaatgcaagtagcgtatgcgctcacgcaactggtccagaaccttgaccgaacgcagcggtggtaacggcgcagtggcggttttcatggcttgttatgactgtttttttgtacagtctatgcctcgggcatccaagcagcaagcgcgttacgccgtgggtcgatgtttgatgttatggagcagcaacgatgttacgcagcagggcagtcgccctaaaacaaagttaggcagccgttgtgctggtgctttctgatagttgttgtggggtaggcagtcagagctcgatttgcttgtcgccataATAGATTCACAAGAAGGATTCGA
p21,TGTGCGGGCTCTAACACgtcctagtatggtaggatgagcaatctagtcgagcaacGGAGGTACGGACCATATG
p21',CATATGGTCCGTACCTCCgttgctcgactagattgctcatcctaccatactaggacGTGTTAGAGCCCGCACA
sp44,TGTTCACATTCGAACCGTCTctgctttgacaacatgctgtgcggtgttgtaaagtctggtgtgaccctaacgaggagATCGGTTCACCCTCGAG
sp44',CTCGAGGGTGAACCGATctcctcgttagggtcacaccagactttacaacaccgcacagcatgttgtcaaagcagAGACGGTTCGAATGTGAACA
p21'_sp44,CATATGGTCCGTACCTCCgttgctcgactagattgctcatcctaccatactaggacgtgttagagcccgcacactcgagcaaagtcaacatatgatagtggctgttcacattcgaaccgtctctgctttgacaacatgctgtgcggtgttgtaaagtctggtgtgaccctaacgaggagATCGGTTCACCCTCGAG
sp44'_p21,CTCGAGGGTGAACCGATctcctcgttagggtcacaccagactttacaacaccgcacagcatgttgtcaaagcagagacggttcgaatgtgaacagccactatcatatgttgactttgctcgagtgtgcgggctctaacacgtcctagtatggtaggatgagcaatctagtcgagcaacGGAGGTACGGACCATATG
ermEp*,CATGCGAGTGTCCGTTCgagtggcggcttgcgcccgatgctagtcgcggttgatcggcgatcgcaggtgcacgcggtcgatcttgacggctggcgagaggtgcggggaggatctgaccgacgcggtccacacgtggcaccgcgatgctgttgtgggcacaatcgtgccggttggtaggatcgtctAGAACAGGAGGCCCCAT
KasOp*,AACTCCCCCAGTCCTGcacgctgtcgtattctcctggccacgactttacaacaccgcacagcatgttgtcaaagcagaGACCGTTCGAATGTGAACA
gapdh-EL,gcgtatcccctttcagatactcgcactaagaattgcaggaacgccccgatcatagcggtagccgcccagatgctgcaagccttatctggcagccgtataaaaaaagcaaccgaacaggccattcacagaagtttcacaccgctcgccgaggggctccgcacccggtgcgcgccgtacagcagcgcgcttctcccagcatcggccagttcgcccgatccgtccgtgtcgcacagccgacggctgcggtaaggtgcccgtagacgcacgtccgaccgaaggagcagc
pr-hrdB,ccgccttccgccggaacggcggggtccgggcacgccaaacccctcctgtggctgtggccggccaccgccgtcaccttcggaccccgtggagccgctcccggttccacggggtccgaaggtgtgatgagcaggctgcgccttcctcgcgcggccgcaaggtacgagttgatgaccttgtttatccgcatctgaccaattttgatcgcttacggggtgtgactcgggccacgcggattgggcgtaacgctcttgggaacaacacgatgacctaagaggtgacagccgcggagggaatacggacgccgttcacggcgctgtgcatctccccggcccgcccgcaccgtcggcccattcccaagccggtggtcggcccctgtccgccgtggacggggccggaagccgtttttcaacgttccgagaggttgttcatg
pr-SF14,gatatcgacctacgccttgaccttgatgaggcggcgtgagctacaatcaatactcaatacgactcactataggttcctgctaaggaggcaacaagatggatatc
rpslp-CF,gccccgggccggaggcggccgcgaccacgacgcccgcgggacgtgacgagcggcacgactcgacgactccgggctcctttgacgctgtccgtcgcgccgggtagcgtaggacaccgtgcccgcgccgtcgggccctcgcgcgtgcactcggtcgaccgctccctgccggagtgggtgcgggtgcacggggtggctccccacctcctctcggatcggtcctcgcggactgccgccgtgcggaggaccggggcgacacgcccgggcgcgggggtcggtgcgggactccagacctccggggtagtcgtgcgacgggcgacgatccgggccgagccggccgtcctgggtgacgggtgccggtcagaccagagaacaccgacagacggagacgta
p15,TCCGCGCCGCCGGcccgacggtgcccggccccgtaccccccccgggtggtgcggggccgggcaccggccttttggcgctgcggagttgacggaagttggccgaaccggatgcgctcggcgcccgggggctgaaagatgctcacagcccctttccacggcggtccgggaggggaggccgggcaaccggttttcgggggcggagtgtccggtatgcggacggccgcgcccgatagatgtgtaacgagtccgtttcgcaaccatctatctcggatcggtttgtccggattttggaagatgtgagtgtcaggtgtgatcgaaccgagaccaaaagggtgtggtcgggccgaacaccatggctaatagttgagcgcgtagagctcgggtcaatgggtcacgcgctgtggggagcgccgactcacgagcacactggggcactcgatcttcgccgtcaggggtgtcggcggatcgtcctgtgccctctcttgcagtgaacaagtggaCTCATGAGGAGGAACCC
p31,CCGGACCTCTCCTCACgctcaccctgcgcgcttccgcgcgacaggcacaattacccgtatatgtcccgactcgcccacagtctccgccttcggccgggtcattcccccgaccgacccggcccggcccacccatttccggcccggccggcgtttgaggccgaccggtgacggacacccgaagccctcggagcgcgctcggcatcagcccggacgacgcttgaggccacctcgaccgccgccggacggcttcatccgaagtgcctctgaactggtaaaacgagccgtgctggcagctctctgcacaaccaggcagaacaaaacttgagcccgtccgactcaaccgcattgacgcgccgcgtcccctcgtgcatccttgagtgagttccactcaagtaGTCAGCTGGAGGAATTGAC
p15',GGGTTCCTCCTCATGAGtccacttgttcactgcaagagagggcacaggacgatccgccgacacccctgacggcgaagatcgagtgccccagtgtgctcgtgagtcggcgctccccacagcgcgtgacccattgacccgagctctacgcgctcaactattagccatggtgttcggcccgaccacacccttttggtctcggttcgatcacacctgacactcacatcttccaaaatccggacaaaccgatccgagatagatggttgcgaaacggactcgttacacatctatcgggcgcggccgtccgcataccggacactccgcccccgaaaaccggttgcccggcctcccctcccggaccgccgtggaaaggggctgtgagcatctttcagcccccgggcgccgagcgcatccggttcggccaacttccgtcaactccgcagcgccaaaaggccggtgcccggccccgcaccacccggggggggtacggggccgggcaccgtcgggCCGGCGGCGCGGA
p31',GTCAATTCCTCCAGCTGACtacttgagtggaactcactcaaggatgcacgaggggacgcggcgcgtcaatgcggttgagtcggacgggctcaagttttgttctgcctggttgtgcagagagctgccagcacggctcgttttaccagttcagaggcacttcggatgaagccgtccggcggcggtcgaggtggcctcaagcgtcgtccgggctgatgccgagcgcgctccgagggcttcgggtgtccgtcaccggtcggcctcaaacgccggccgggccggaaatgggtgggccgggccgggtcggtcgggggaatgacccggccgaaggcggagactgtgggcgagtcgggacatatacgggtaattgtgcctgtcgcgcggaagcgcgcagggtgagcGTGAGGAGAGGTCCGG
