Hel_104,GTCCGAACCGCAAGTCGCCG,14018
,CGGCGCGGCGTTTCCGGTGA,14077
,CGCTTGCGACGAGGCCGGTT,5667
,GGAAGGTGGGTTGGGACACG,5723
,hom_rev,CTCGAGGGTGAACCGATCGTCGTTGAGACGGGGGATGCCGTCCTTCA
,hom_fwd,AGGCCCTGCTCGCGTGCCCGCGCTGCCACGCATATGGTCCGTACCTCC
,hom_rev,GGGTTCCTCCTCATGAGCACCGAGGTCGCGGAAGGTGGGTTGGGACA
,hom_fwd,CGTTGACCGATCGTCGCTTGCGACGAGGCCTCCGCGCCGCCGG
Hel_188,GAGCTGTTGGTTCATGGAAG,20456
,GTCGTCCGGCCGACGAAGGG,20558
,CACGTCACGACGGCAATCAT,4509
,GCGAACCGGAACCAGAGGAA,4555
,TACGCTCACGCGCACGCTCA,2403
,CTGCGACTTGCGAGGCAGTA,2457
,hom_rev,CTCGAGGGTGAACCGATGAGCGGAGAGAATCGGCGTGCGCGCGCGCA
,hom_fwd,CCGTCGCGATGGTCGAGCTGTTGGTTCATGCATATGGTCCGTACCTCC
,hom_rev,GGGTTCCTCCTCATGAGTCACGTCCGGAGTCGTATTCGGCGCGATCA
,hom_fwd,TGGTGATGTGACGCAATTCTGAACAGCCGATCCGCGCCGCCGG
,hom_rev,GTCAATTCCTCCAGCTGACTTGCGCAGAGAATGTTCTCCCGGATCTCCA
,hom_fwd,TCGGGCACGCTTACGCTCACGCGCACGCTCCCGGACCTCTCCTCAC
Hel_128,CACAATCGCCATATCGAAAG,8360
,TACGGTTGGCGGCATGACGC,8428
,GCACCTCGCTGCCCACCATC,10682
,CAGGCGGGAGAACCCGATGG,10681
,hom_rev,CTCGAGGGTGAACCGATGGCCGTCGAGCCGCGGGATGTCCAGCGTCA
,hom_fwd,CGCCCCGCGGCCGCACAATCGCCATATCGATGTTCACATTCGAACCGTCT
,hom_rev,CATATGGTCCGTACCTCCCGCGACTAACCTGCACCTCGCTGCCCACCA
,hom_fwd,ATGGTTCTATGCGGCAGGCGGGAGAACCCGTGTGCGGGCTCTAACAC
SMARCA_025,CGCAGGCGGTGACATCGGCG,11268
,CGTCTGCCACGCTGGCGGAA,11308
,hom_rev,CATATGGTCCGTACCTCCCGACGTCGAGCGCCGGCTTGGCCAGGTCCA
,hom_fwd,TGCTCGACGACGATCGCAGGCGGTGACATCCTCGAGGGTGAACCGAT
SMARCA_043,GCCCGGCCGGACGGGGGGCG,4928
,CTGGTACGCGCGGTACATGA,4972
,hom_rev,CATATGGTCCGTACCTCCCGGACTGGCCGGACTGGTACGCGCGGTACA
,hom_fwd,CCAACGACGATGACGTCGTAATCGCTCATGCTCGAGGGTGAACCGAT
ZGC_DDX39B_9,TGGAATTGGTCGCATGAGAA,30383
,GCAGCCGGTTGACCGCGGAT,30459
,hom_rev,TGTTCACATTCGAACCGTCTGCCGGCTGCGCACGGTGGCGCTTTGCCGAT
,hom_fwd,AGGACAGGCAAGGTACCAGCCATTCTCATGCTCGAGGGTGAACCGAT
